<?xml version="1.0" encoding="UTF-8"?>
<project-private xmlns="http://www.netbeans.org/ns/project-private/1">
    <editor-bookmarks xmlns="http://www.netbeans.org/ns/editor-bookmarks/2" lastBookmarkId="0"/>
    <open-files xmlns="http://www.netbeans.org/ns/projectui-open-files/2">
        <group>
            <file>file:/C:/Users/vubat/OneDrive/Documents/Oop%20backup%203%20(toi%20uu)/src/view/Thong_ke_sach.java</file>
            <file>file:/C:/Users/vubat/OneDrive/Documents/Oop%20backup%203%20(toi%20uu)/src/view/Quan_ly_muon.java</file>
            <file>file:/C:/Users/vubat/OneDrive/Documents/Oop%20backup%203%20(toi%20uu)/src/view/Tra_cuu_sach.java</file>
            <file>file:/C:/Users/vubat/OneDrive/Documents/Oop%20backup%203%20(toi%20uu)/src/view/login.java</file>
            <file>file:/C:/Users/vubat/OneDrive/Documents/Oop%20backup%203%20(toi%20uu)/src/view/MenuTT.java</file>
            <file>file:/C:/Users/vubat/OneDrive/Documents/Oop%20backup%203%20(toi%20uu)/src/view/Quan_ly_doc_gia.java</file>
            <file>file:/C:/Users/vubat/OneDrive/Documents/Oop%20backup%203%20(toi%20uu)/src/view/MenuDocgia.java</file>
            <file>file:/C:/Users/vubat/OneDrive/Documents/Oop%20backup%203%20(toi%20uu)/src/view/DangKi.java</file>
            <file>file:/C:/Users/vubat/OneDrive/Documents/Oop%20backup%203%20(toi%20uu)/src/view/Quan_ly_tra.java</file>
            <file>file:/C:/Users/vubat/OneDrive/Documents/Oop%20backup%203%20(toi%20uu)/src/view/Doimk_dg.java</file>
            <file>file:/C:/Users/vubat/OneDrive/Documents/Oop%20backup%203%20(toi%20uu)/src/view/MuonSach.java</file>
            <file>file:/C:/Users/vubat/OneDrive/Documents/Oop%20backup%203%20(toi%20uu)/src/view/NhapSach.java</file>
            <file>file:/C:/Users/vubat/OneDrive/Documents/Oop%20backup%203%20(toi%20uu)/src/view/Quan_ly_sach.java</file>
            <file>file:/C:/Users/vubat/OneDrive/Documents/Oop%20backup%203%20(toi%20uu)/src/view/Doimk_Tt.java</file>
            <file>file:/C:/Users/vubat/OneDrive/Documents/Oop%20backup%203%20(toi%20uu)/src/view/Thong_ke_ds.java</file>
            <file>file:/C:/Users/vubat/OneDrive/Documents/Oop%20backup%203%20(toi%20uu)/src/view/Thongtin_thu_thu.java</file>
            <file>file:/C:/Users/vubat/OneDrive/Documents/Oop%20backup%203%20(toi%20uu)/src/view/Home.java</file>
            <file>file:/C:/Users/vubat/OneDrive/Documents/Oop%20backup%203%20(toi%20uu)/src/view/Thongtindocgia.java</file>
        </group>
    </open-files>
</project-private>
